{"cameraMode":{"drawMode":0,"name":"Shaded","section":"Shading Mode"},"sceneLighting":true,"audioPlay":false,"sceneViewState":{"m_AlwaysRefresh":false,"showFog":true,"showSkybox":true,"showFlares":true,"showImageEffects":true,"showParticleSystems":true,"showVisualEffectGraphs":true,"m_FxEnabled":true},"in2DMode":false,"pivot":{"x":163.02548217773438,"y":1606.802490234375,"z":369.5404052734375},"rotation":{"x":-0.01501018088310957,"y":0.016524236649274827,"z":-0.00022111933503765613,"w":-0.9998747110366821},"size":1659.25341796875,"orthographic":false}